{"ARRAYZ": 3552991.18268824, "ARRAYY": -5040922.67669981, "ARRAYX": -1601786.63804596, "FREQ": 55200000.0, "ARRNAM": "MWA-32T"}