{
    "ARRAYX": -1602206.589093582,
    "ARRAYY": -5042244.288897584,
    "ARRAYZ": 3554076.318469162,
    "FREQ": 55200000.0,
    "ARRNAM": "LEDA64-NM"}