{"ARRAYZ":3800353.28939,"ARRAYY":-4507221.6871800004,"ARRAYX":-2416751.0642599999,"FREQ":47004000.0,"ARRNAM":"LEDA-512"}