{"ARRAYZ": 3800353.28939, "ARRAYY": -4507221.68718, "ARRAYX": -2416751.06426, "FREQ": 57468000.0, "ARRNAM": "LEDA"}